{"cameraMode":{"drawMode":0,"name":"Shaded","section":"Shading Mode"},"sceneLighting":true,"audioPlay":false,"sceneViewState":{"showFog":true,"showMaterialUpdate":false,"showSkybox":true,"showFlares":true,"showImageEffects":true,"showParticleSystems":true},"in2DMode":false,"pivot":{"x":-0.5010833740234375,"y":1.6952619552612305,"z":-1.7045307159423829},"rotation":{"x":-0.1507309228181839,"y":0.7458962202072144,"z":-0.18040941655635835,"w":-0.6231945753097534},"size":81.967529296875,"orthographic":false}