{"cameraMode":{"drawMode":0,"name":"Shaded","section":"Shading Mode"},"sceneLighting":false,"audioPlay":false,"sceneViewState":{"showFog":true,"showMaterialUpdate":false,"showSkybox":false,"showFlares":true,"showImageEffects":true,"showParticleSystems":true},"in2DMode":false,"pivot":{"x":1.1920928955078126e-7,"y":0.8664481043815613,"z":-0.32435235381126406},"rotation":{"x":-0.17265720665454865,"y":0.40626585483551028,"z":-0.07847421616315842,"w":-0.8938564658164978},"size":4.394057750701904,"orthographic":false}