{"cameraMode":{"drawMode":0,"name":"Shaded","section":"Shading Mode"},"sceneLighting":true,"audioPlay":false,"sceneViewState":{"showFog":true,"showMaterialUpdate":false,"showSkybox":true,"showFlares":true,"showImageEffects":true,"showParticleSystems":true},"in2DMode":false,"pivot":{"x":-0.8550987243652344,"y":2.718332052230835,"z":4.071549892425537},"rotation":{"x":0.170326828956604,"y":0.3078884780406952,"z":-0.05612469092011452,"w":0.9343679547309876},"size":24.458637237548829,"orthographic":false}