{"cameraMode":{"drawMode":0,"name":"Shaded","section":"Shading Mode"},"sceneLighting":false,"audioPlay":false,"sceneViewState":{"showFog":true,"showMaterialUpdate":false,"showSkybox":false,"showFlares":true,"showImageEffects":true,"showParticleSystems":true},"in2DMode":false,"pivot":{"x":-1.8799998760223389,"y":0.7986066937446594,"z":-0.004794716835021973},"rotation":{"x":-0.17265720665454865,"y":0.40626585483551028,"z":-0.07847421616315842,"w":-0.8938564658164978},"size":3.8332388401031496,"orthographic":false}